brand_id,click_num
1360,49151
3738,10130
82,9719
1446,9426
6215,8568
1214,8470
5376,8282
2276,7990
1662,7808
8235,7661
6065,5644
3969,5603
4705,5572
4290,5524
6585,5264
3700,5126
6742,4555
2104,4400
5434,4384
7995,4273
7069,3992
7892,3988
385,3963
4073,3866
5818,3843
3345,3505
4953,3503
4360,3500
1164,3449
3943,3417
3997,3378
2337,3365
6143,3344
376,3276
5683,3072
3650,2901
5800,2883
1866,2842
8154,2734
4058,2719
4874,2718
7749,2697
3535,2688
2045,2679
8411,2646
3708,2619
6938,2599
4509,2556
6109,2533
4120,2472
3929,2470
247,2469
1579,2457
1128,2374
8417,2354
7724,2269
6320,2232
99,2207
1661,2190
1954,2178
4382,2177
7931,2105
5579,2079
6762,2072
3614,2034
7279,2033
1392,1983
2044,1941
3954,1906
1573,1883
4801,1869
5795,1868
6445,1867
8351,1861
1439,1803
2240,1784
6236,1783
6652,1765
4365,1762
4026,1736
3273,1736
4276,1729
5735,1717
7033,1708
2946,1644
7141,1640
3481,1637
4594,1635
7164,1624
3091,1621
2761,1620
7666,1617
6443,1602
7606,1598
2350,1596
1016,1551
2197,1551
856,1547
2334,1538
6220,1512
5812,1511
1859,1496
2116,1463
7093,1455
6279,1433
3489,1428
2184,1421
7319,1420
8353,1402
3866,1402
4014,1394
1552,1394
7980,1344
7703,1330
2840,1325
7863,1322
2924,1319
4805,1284
795,1283
1605,1276
1847,1270
2446,1249
1981,1236
7063,1228
549,1208
5491,1204
968,1197
1580,1193
7047,1165
3776,1144
3687,1142
4380,1131
5360,1124
3350,1123
6046,1098
8149,1087
3156,1077
4446,1074
7744,1074
7944,1069
520,1068
3012,1061
1995,1035
3964,1027
2031,1025
5993,1019
6826,1018
1151,1008
4396,1000
7551,993
4866,989
3369,987
4292,979
6066,973
300,957
6483,951
7885,950
5508,950
3791,941
4562,938
2651,938
2488,932
3730,932
6866,927
240,922
1766,919
1907,919
4947,916
4449,915
2232,906
603,878
320,873
1187,873
7178,872
6170,860
2459,856
3779,851
7479,850
6296,850
653,847
4387,842
7394,841
2541,841
928,836
6446,833
7628,831
6267,827
6860,826
7334,822
2183,820
2652,820
3968,812
7169,811
8238,811
4094,806
4143,804
3161,803
972,802
3916,800
7020,797
2714,791
5997,788
2270,782
5043,773
397,766
4905,766
3549,762
125,761
4104,758
4620,758
1272,757
2856,753
3322,752
4083,749
6307,746
982,741
5674,737
1901,736
4704,733
6569,726
4505,725
7993,723
3724,717
277,716
4623,714
6811,713
2902,705
706,705
1440,699
4978,697
4987,694
8011,692
5644,691
6326,684
394,676
4010,676
6803,674
516,672
1422,670
6040,670
1152,669
2252,660
3243,660
4475,660
4907,658
5052,655
6848,647
6946,644
6455,639
7452,635
8391,631
2789,630
4130,630
5216,628
7647,626
1797,625
7379,620
2000,616
6349,616
801,616
7118,615
5067,614
6086,614
5599,612
7355,611
6658,610
5039,610
2208,608
6750,605
5603,602
7635,601
5362,596
2509,596
7819,593
5665,589
543,584
1283,583
4694,580
7714,579
4476,578
2638,576
4778,574
2196,574
5421,570
6906,570
3357,570
5890,567
5558,567
8037,563
2987,558
1181,558
883,558
6720,548
6439,545
7284,544
4707,539
1818,538
7707,535
2244,534
7686,533
5285,531
4928,531
837,529
4491,526
2780,526
4618,525
683,524
2158,522
2788,521
7807,521
7577,520
1060,520
8476,520
3305,519
2498,519
1287,519
8396,519
8068,517
9,516
8062,515
2153,514
2503,513
5581,510
918,510
5223,507
2142,507
7880,506
6322,505
3467,502
5334,501
1455,496
5308,495
328,494
6137,494
4272,489
3142,489
7340,488
4167,487
1828,484
3183,482
4773,482
7011,479
3103,478
8281,476
1947,475
2055,472
3080,468
5773,465
1297,464
6309,463
69,461
3074,461
888,461
404,461
6515,460
2970,460
4672,455
390,454
5472,452
5430,447
2587,446
3803,446
2784,445
5638,445
7915,444
1185,441
6595,441
7053,440
356,438
1228,438
7936,436
5243,435
1236,433
3564,433
5496,433
809,432
2206,431
6999,431
7463,428
4103,427
7610,422
1878,421
7701,420
2904,418
5367,416
2169,415
6323,413
2413,411
3521,408
5978,408
4252,404
4825,403
3861,401
6816,399
6035,399
5138,398
2072,397
3831,397
3837,395
3422,395
7447,394
4184,393
2707,393
3826,392
6098,391
5511,388
550,387
7935,386
5527,386
7161,385
2295,385
3424,384
3320,382
3510,382
4131,381
7153,381
3828,380
7713,380
2016,379
8231,379
7735,379
5335,378
4998,377
1246,377
1905,376
5903,376
4422,375
7117,374
2014,374
4275,374
8317,374
2943,373
3462,373
2871,371
7924,370
3941,370
2708,367
6997,366
826,365
8270,365
3888,365
4549,364
6293,363
6467,363
4915,361
913,361
6769,359
7706,359
3589,357
1699,356
4640,354
4306,354
4608,351
338,348
2221,347
5093,347
4708,346
7622,345
3015,343
4113,343
398,343
3374,343
1104,342
1404,342
3848,337
5135,335
8028,335
7687,334
7208,333
281,333
6371,333
1512,331
4583,331
2319,331
1043,330
5476,329
3945,326
2403,324
7808,324
1464,322
1647,322
7450,321
6735,320
3569,317
3076,317
1793,314
4404,314
8345,313
7253,313
88,313
2740,313
3725,313
6176,310
2018,310
33,310
6460,309
1571,309
4400,307
7518,305
1522,305
4777,304
4917,304
5245,303
5860,302
2819,302
3587,302
7124,302
7685,301
1906,301
2297,301
5021,300
626,299
8442,298
8008,298
2731,298
201,298
6032,297
4636,297
1725,296
4017,296
1534,296
8048,295
950,295
8357,293
1202,293
7500,293
6500,292
6257,291
1300,289
6536,289
8207,289
4205,288
2470,288
3182,287
136,287
342,286
3977,286
8473,285
3758,284
8355,283
1444,282
4248,282
2706,282
3193,281
8122,281
2201,280
3391,280
5289,280
4886,280
1692,279
1374,279
4279,278
5499,277
7200,276
48,275
924,274
4712,274
6832,274
4273,273
1671,272
3009,272
2828,272
6332,271
966,270
1018,270
666,268
5010,268
7586,268
313,268
4585,268
8471,267
4755,267
5034,266
5207,266
2315,264
2029,264
6957,263
2968,263
7370,262
248,262
7725,262
5640,261
3881,261
3096,261
1812,260
5145,260
5827,260
7972,260
1487,258
7664,258
6124,258
7170,258
3394,258
3844,258
1153,258
4052,258
8303,257
3329,257
589,257
6464,256
1166,256
5263,256
5515,255
7537,255
1713,254
1758,253
806,253
4254,253
3199,253
2545,251
5068,251
1521,251
2668,250
1784,250
5004,250
3721,249
2679,249
6275,249
2374,248
2982,248
6232,248
2989,245
4606,245
1887,245
3967,244
3550,244
6987,243
4844,243
5796,243
2793,241
2661,241
5762,241
4740,240
3268,240
7165,240
5636,240
1559,239
5228,237
1578,237
2518,237
6121,236
3019,236
6835,236
4385,236
7668,236
2110,235
2526,235
1746,234
1209,234
4855,234
6884,234
654,232
8279,231
5417,231
751,231
2803,230
8020,230
6268,230
7890,229
3141,229
8415,229
2833,228
4937,227
5604,227
767,227
2808,226
279,226
3914,226
6102,226
830,225
1065,225
3186,223
799,223
2449,223
994,223
2427,223
4348,222
5545,222
7961,222
4329,222
4682,221
3829,221
7455,220
1972,219
3720,219
3052,219
736,219
3590,219
6741,219
1802,218
5411,218
1055,218
216,218
6831,217
7536,217
7483,216
3188,216
7907,216
5655,216
5086,216
6111,215
2340,215
7076,215
7110,214
5727,213
5517,213
4683,213
5999,213
4358,212
849,212
6315,211
6305,210
2416,210
752,209
5801,209
4066,208
6314,208
5394,208
2103,208
8243,208
7190,207
3716,206
6211,206
2523,206
4485,206
1193,205
6798,205
670,204
8319,204
4644,204
540,204
5659,203
4991,202
1469,202
3312,201
6620,201
3000,201
6454,201
1791,200
7555,200
6346,200
2773,199
5712,199
7218,199
6115,199
5891,199
5729,198
7614,198
3228,198
7197,197
1277,197
3134,197
3230,197
777,197
417,197
2849,197
579,197
133,196
5580,196
4537,196
213,196
384,196
434,195
1221,195
1869,195
7212,194
6889,194
4771,194
1865,193
2128,193
5572,192
7878,192
2022,192
402,192
1773,191
3022,191
3678,191
3533,191
7774,191
1681,191
3040,191
3033,191
1353,190
3214,190
6127,189
4160,187
7844,187
585,187
4179,186
5936,186
5715,186
4504,186
1991,186
3952,185
3402,185
2263,185
496,185
3735,185
2543,185
6423,184
432,184
524,184
5849,184
527,184
4309,184
7956,184
6560,184
3132,184
3661,183
5784,183
2630,182
7240,182
1701,182
142,182
7743,181
7396,181
8055,181
3827,181
3862,181
2815,181
7592,181
3241,180
2321,180
4327,180
4564,179
525,179
6164,179
6635,179
170,179
1115,179
5097,179
5183,178
5041,177
1076,177
4889,176
1966,176
2483,176
7967,176
1664,175
4507,175
5225,175
6958,174
7154,174
7402,173
3250,173
2738,173
7879,173
4267,173
7119,173
1611,173
744,173
3165,173
3869,173
4174,173
5015,173
3749,173
1456,172
7493,172
3432,172
4852,171
1416,171
2673,171
3616,171
6927,171
7086,171
1480,171
5966,170
8461,170
115,170
1547,170
3805,170
2462,170
6563,170
2090,169
1714,169
3983,168
2431,168
1831,168
3332,168
5876,168
7239,166
3373,166
3712,166
5506,166
3166,166
4502,165
4668,165
623,165
5907,164
4899,164
5383,164
6939,163
1989,163
5201,163
6417,162
4354,162
5171,162
8397,161
3876,160
3146,160
6540,160
3024,160
3174,159
7941,159
6861,159
3364,159
445,159
2730,159
532,159
3213,158
2981,158
962,158
2468,158
1742,158
1466,158
8297,158
2921,158
2292,158
6746,157
4359,157
562,157
6482,157
712,156
4256,156
3307,156
6029,156
5617,156
684,155
2575,155
7960,155
2742,155
6695,154
6258,154
5867,154
1498,154
4977,153
5022,153
2046,152
7597,152
748,152
2890,152
5132,152
749,151
6573,151
8056,151
5238,151
8043,151
7061,151
36,151
6781,151
4362,150
5028,150
7045,150
2616,150
3671,150
1883,149
6507,148
3004,148
2813,148
3259,148
7470,148
8376,147
3169,147
5626,147
3111,147
5516,146
3910,146
8419,145
5974,145
7203,145
8086,145
569,145
4859,144
6372,144
305,144
3423,144
1459,143
2516,143
7532,143
4529,143
5471,142
6591,142
1930,142
2573,142
5120,142
1974,142
4176,142
6677,142
7850,142
6839,142
2464,141
7948,141
657,141
3094,141
3751,141
6198,140
6621,139
4912,139
7751,139
5192,138
4389,138
4230,138
7783,138
2387,138
1292,138
6875,137
6116,137
3446,137
649,137
2643,137
4381,137
3077,137
2515,137
5503,136
3042,136
3469,136
4299,136
5456,136
3461,136
6882,136
7650,135
2258,135
8308,135
8077,135
7692,135
6106,134
560,134
2230,134
721,134
5126,134
2173,134
3591,134
3646,133
1105,133
3979,133
4843,132
5327,132
5625,132
6020,132
3416,132
4748,131
6437,131
7480,131
5742,131
7816,131
5184,131
2584,131
5336,131
58,131
2379,131
884,131
1259,130
198,130
4655,130
6784,130
3814,129
1921,129
7734,129
1992,129
2370,129
2891,129
7495,129
1632,129
1874,128
344,128
2467,128
297,128
1726,128
5083,128
5046,128
6300,127
1082,127
3882,127
2927,127
3681,127
173,127
6231,127
3634,127
5748,127
2558,127
1097,126
8455,126
4731,126
8021,126
206,126
8112,126
847,126
1970,126
5600,125
4815,125
2422,125
547,125
3205,125
6154,124
5927,124
6599,124
8364,124
2922,124
3254,124
698,124
7029,124
1208,123
6637,123
3654,123
3631,123
2137,123
5705,123
1691,123
2162,122
3643,122
4367,122
6340,122
6623,121
7585,121
3486,121
4743,121
4722,121
6225,121
3464,121
1971,120
1307,120
3818,120
7001,120
1342,120
3958,119
4237,119
6493,119
8321,119
5484,119
2825,119
7331,119
7430,119
6885,119
189,118
965,118
84,118
5054,118
487,118
1224,118
8367,117
7582,117
6337,117
430,117
7982,117
494,117
3124,117
7842,117
4246,116
2175,116
5038,116
7090,116
3210,115
7283,115
8126,115
6897,115
2676,115
3296,115
1140,115
4029,115
8385,115
5697,115
6864,114
702,114
7166,113
5574,113
1028,113
1925,113
1025,113
1779,113
3786,112
19,112
7900,112
4260,112
4572,112
4119,112
625,111
7889,111
6374,111
5482,111
26,111
3021,111
2032,111
3744,110
4175,110
4498,110
6053,110
6998,110
1548,110
8258,109
365,109
8246,109
7163,109
6054,109
7145,109
6549,109
6412,109
2265,109
4123,109
475,108
6792,108
4807,108
2746,108
387,107
3452,107
484,107
2817,107
8259,107
270,107
7464,107
8204,107
8076,107
3133,107
7128,107
3777,106
4930,106
1641,106
8287,106
140,106
5988,106
3476,106
1393,106
7549,106
2919,106
642,106
5725,106
392,106
442,105
6431,105
2274,105
3865,105
1886,105
6836,105
5166,105
6183,105
4952,105
8082,104
2495,104
4221,104
2810,104
5736,104
3698,104
3637,104
1846,104
6194,103
7134,103
7875,103
6012,103
620,103
6169,103
5597,103
7617,103
3972,103
829,102
3475,102
673,102
7680,102
1483,101
808,101
1654,101
4064,101
7517,101
2057,101
3118,100
4390,100
619,100
375,100
1027,100
8228,100
8120,100
1680,100
7940,100
6975,100
2434,100
7092,100
4482,100
3457,100
1933,100
4032,99
6288,99
8282,99
5196,99
7309,99
8309,99
4139,99
7730,99
5591,99
4326,99
5486,99
3029,99
7871,99
4460,99
6699,99
8219,99
3145,98
6367,98
2375,98
7155,98
815,98
3640,98
5959,98
6434,98
2314,98
5081,97
6796,97
5446,97
5930,97
6530,97
3284,97
7873,97
5972,96
5273,96
7407,96
6016,96
346,96
2567,96
3824,96
5353,96
512,95
2723,95
1854,95
238,95
8157,95
7410,95
2440,95
8045,95
3884,94
5092,94
644,94
7630,94
2582,94
7552,94
1129,94
6815,94
648,94
2563,94
2069,93
6916,93
4530,93
7468,93
5369,93
3775,93
6817,93
8054,93
3512,92
2974,92
5651,92
5091,92
6133,92
5779,92
1479,92
5958,92
2417,92
5992,92
4724,92
7520,92
6404,92
2372,92
6602,92
4730,91
7072,91
5553,91
8288,91
183,91
8390,91
4870,91
4525,91
6988,91
1069,91
5011,91
3431,91
1173,91
1155,91
134,91
2235,91
704,91
3604,91
5750,91
5258,90
1845,90
6679,90
2262,90
7780,89
4247,89
4992,89
5554,89
1147,89
4092,89
899,89
6887,89
2551,89
311,89
4607,88
7529,88
4037,88
6321,88
3238,88
4302,88
1949,88
1542,88
720,88
8137,88
4653,87
7149,87
4656,87
7901,87
2884,87
2508,87
2368,87
1003,87
435,87
7652,86
570,86
8274,86
1799,86
8031,86
1644,86
4639,86
8305,86
4039,86
6719,86
6409,86
3427,86
7591,86
1770,85
2660,85
866,85
4555,85
4349,85
927,85
941,85
3574,85
996,85
469,85
1159,84
1425,84
3078,84
7159,84
6714,84
4192,84
4554,84
2511,84
4350,84
1463,84
8123,84
6039,84
42,83
4343,83
7893,83
2976,83
1527,83
977,83
4895,83
176,83
1399,83
4098,83
5330,83
7456,83
1217,83
5214,83
1119,83
1189,83
5337,83
7971,83
4988,82
448,82
1314,82
6208,82
2758,82
1565,82
6964,82
4615,82
2971,82
7201,82
4128,82
2083,82
8465,82
127,82
6158,82
563,82
4403,81
7387,81
5857,81
3358,81
104,81
2768,81
1385,81
4169,81
3530,81
6990,81
8463,81
6629,81
7426,81
7951,81
6299,81
2963,81
4744,81
7080,80
250,80
1932,80
3960,80
5191,80
1570,80
5013,80
7833,80
498,80
1049,80
2027,80
6555,79
974,79
8431,79
5399,79
6136,79
1358,79
1890,79
2688,79
7168,79
5530,79
8434,79
1881,79
8118,79
4913,79
5751,79
5878,79
66,79
72,79
947,79
6407,78
287,78
4399,78
5979,78
6734,78
1203,78
1449,78
7187,78
650,78
6030,78
6132,78
5703,78
6827,78
2923,78
333,78
3845,78
2854,78
7121,77
4828,77
3551,77
5833,77
1387,77
7171,77
6151,77
4941,77
4617,77
4357,77
1674,77
360,77
7504,77
6581,77
4816,77
8327,77
7719,77
2620,77
4800,77
1808,76
4631,76
973,76
2437,76
5738,76
3451,76
6944,76
8060,76
3035,76
8236,76
5528,76
3271,76
8103,76
7528,76
2827,76
787,75
7222,75
1457,75
3718,75
3330,75
8302,75
2204,75
3894,75
1900,75
2331,75
1168,75
6342,75
1094,75
5946,75
6123,75
368,75
7862,75
3517,74
7249,74
2144,74
2020,74
2100,74
1501,74
568,74
6171,74
1909,74
1421,74
3157,74
6819,74
606,74
6810,74
6968,74
2327,74
8264,74
2786,74
7802,74
8295,74
7667,74
4921,74
3468,73
1367,73
47,73
7202,73
633,73
3049,73
257,73
8322,73
2278,73
2581,73
3147,73
7365,73
7684,73
350,73
1478,73
2132,73
7809,73
7408,73
6331,73
4888,73
3491,72
7521,72
5584,72
6675,72
6015,72
3370,72
3008,72
1315,72
3018,72
3973,72
6749,72
4393,72
3428,72
5272,72
2397,72
1335,72
5316,71
5576,71
1139,71
6441,71
8449,71
5172,71
7673,71
7389,71
1011,71
1653,71
3005,71
2432,71
2394,71
2698,71
3396,71
664,71
1757,71
1729,70
4024,70
1764,70
813,70
46,70
5251,70
879,70
5098,70
7106,70
6547,70
7070,70
211,70
3384,70
8239,70
6800,70
8249,70
7994,69
581,69
2407,69
5303,69
2903,69
4752,69
3002,69
2914,69
5789,69
2834,69
5009,69
4265,69
1687,69
7330,69
5379,69
4177,69
5567,69
1394,68
2281,68
3723,68
4271,68
6048,68
2979,68
4741,68
5178,68
7341,68
6692,68
3545,68
7148,68
4090,68
1268,68
382,68
6790,68
5008,67
1260,67
6789,67
302,67
2712,67
6575,67
6639,67
1852,67
2992,67
1077,67
2471,67
2733,67
6615,67
7561,67
651,67
7367,67
4182,66
3889,66
843,66
7856,66
8052,66
8237,66
2242,66
5658,66
5728,66
412,66
4745,66
7732,66
4172,66
7411,66
6865,66
3694,66
2320,66
1743,66
5825,66
3089,65
6976,65
2763,65
6393,65
347,65
3896,65
5612,65
7342,65
5249,65
2594,65
4581,65
7619,65
803,65
1420,65
1019,65
1176,65
6564,65
1626,65
2590,65
7010,65
4065,65
3490,64
1191,64
5029,64
6489,64
8416,64
8107,64
416,64
7718,64
3542,64
5892,64
6302,64
1230,64
4277,64
146,63
5230,63
3864,63
418,63
4711,63
5709,63
754,63
3398,63
2318,63
386,63
8347,63
2950,63
5771,63
2517,63
5176,63
1805,62
1012,62
4593,62
7087,62
2444,62
3595,62
6967,62
2256,62
2533,62
5882,62
1264,62
5146,62
5921,62
316,62
2358,62
7823,62
1848,62
768,62
4499,62
542,62
1958,61
406,61
4312,61
1908,61
7046,61
1835,61
517,61
8058,61
2395,61
7454,61
158,61
7837,61
3683,61
7711,60
6375,60
3559,60
2913,60
5983,60
5420,60
1763,60
7857,60
4993,60
490,60
7158,60
4034,60
4728,60
8025,60
2969,60
5793,60
1280,59
6264,59
6612,59
3863,59
1539,59
854,59
4613,59
1794,59
5627,59
223,59
3883,59
3372,59
7282,59
3871,59
4075,59
68,59
6381,59
6379,59
2134,59
1997,59
5549,59
8165,59
1239,59
1096,59
2830,59
1811,59
7854,59
5026,59
6657,59
7224,59
4584,58
2842,58
989,58
7291,58
3181,58
5,58
7782,58
8298,58
5836,58
2631,58
335,58
4916,58
2177,58
1973,58
7604,58
1380,58
611,58
5325,57
3794,57
6149,57
8372,57
5116,57
2821,57
3771,57
4245,57
61,57
8356,57
6303,57
2743,57
2912,57
377,57
32,57
4541,57
3647,57
4233,57
4665,56
574,56
4417,56
1112,56
4974,56
423,56
1888,56
251,56
3044,56
1494,56
1829,56
449,56
5307,56
5985,56
3046,56
1734,56
2453,56
2851,56
3806,56
7276,56
5717,56
3178,56
1035,56
8096,56
1132,56
2528,56
3041,56
1574,56
1233,56
8151,56
2323,55
4949,55
3999,55
1637,55
3600,55
5776,55
889,55
4434,55
5505,55
592,55
5125,55
567,55
818,55
7032,55
4803,55
1083,55
321,55
3326,55
4072,55
7103,55
2271,55
7056,54
2812,54
388,54
6805,54
1136,54
3747,54
1607,54
8012,54
8024,54
2191,54
2283,54
349,54
2066,54
6874,54
7634,54
3508,54
7524,54
3270,54
259,54
864,54
1242,54
4876,54
7405,54
4270,54
6558,53
2791,53
389,53
1505,53
2174,53
3339,53
8202,53
4635,53
6072,53
6017,53
6138,53
149,53
7752,53
4419,53
5746,53
6400,53
8046,53
5539,53
2696,52
5134,52
30,52
1428,52
4661,52
1861,52
6180,52
4809,52
905,52
6357,52
7361,52
5577,52
3420,52
2004,52
4110,52
3612,52
7997,52
5409,52
6936,52
2030,52
7581,52
5844,52
8177,52
332,52
8087,52
5181,51
4776,51
5179,51
1100,51
970,51
6313,51
695,51
5786,51
8186,51
5619,51
1593,51
3772,51
4138,51
7696,51
936,51
1839,51
852,51
4353,51
7259,51
6253,51
2070,51
2291,51
6447,51
5006,51
5858,51
7721,51
1001,51
5023,50
6217,50
3578,50
6662,50
4264,50
7560,50
6568,50
7315,50
268,50
5427,50
967,50
4121,50
1994,50
5749,50
6390,50
461,50
6633,50
2753,50
4700,50
5313,50
8337,50
546,50
8104,50
4095,50
3752,50
771,50
1803,50
7446,50
851,49
3107,49
1508,49
7978,49
3208,49
4827,49
5217,49
4231,49
3832,49
6291,49
3846,49
7608,49
6005,49
3986,49
6089,49
4168,49
5478,49
4207,49
5462,49
8061,49
3281,48
2915,48
7715,48
2862,48
1783,48
4323,48
7884,48
845,48
5331,48
8333,48
4041,48
1190,48
231,48
2384,48
7759,48
4813,48
4658,48
2095,48
4181,48
1525,48
760,48
1618,48
1619,48
7357,48
5104,47
428,47
672,47
323,47
459,47
3944,47
6627,47
5464,47
7194,47
3226,47
7670,47
7333,47
7553,47
228,47
329,47
8371,47
5524,47
1531,47
1484,47
5448,47
681,47
3686,47
431,47
6808,47
3842,47
262,47
6391,47
2138,46
4837,46
4663,46
3726,46
7590,46
7899,46
2547,46
2737,46
2841,46
5340,46
535,46
8081,46
3850,46
6794,46
1311,46
3940,46
7663,46
3761,46
6550,46
957,46
5365,46
2674,46
6545,46
8459,46
5856,46
515,46
3897,46
4304,46
922,46
314,46
1937,46
3950,46
2595,46
252,46
734,46
7384,46
7472,46
278,46
340,46
6385,45
788,45
4887,45
2669,45
6648,45
6021,45
6754,45
1651,45
5359,45
1519,45
5443,45
3195,45
6210,45
2741,45
8262,45
2552,45
1453,45
1419,45
2933,45
4286,45
7385,45
4456,45
2695,45
7404,45
6959,45
55,45
5197,45
1815,45
3815,45
5935,45
4324,45
3383,45
5424,45
325,45
5284,45
5182,45
6097,45
1103,45
13,45
4079,45
2003,45
2317,45
1436,44
7328,44
7263,44
7754,44
5663,44
6801,44
4693,44
2755,44
2140,44
1893,44
2906,44
8331,44
6216,44
5364,44
8036,44
4452,44
3870,44
7832,44
2670,44
7651,44
2452,44
7082,44
6290,44
5438,44
8252,44
2170,44
8117,44
6614,44
955,44
5007,44
2214,44
6477,44
6082,44
7914,44
7437,43
4717,43
7716,43
3558,43
8233,43
6556,43
3939,43
3610,43
5519,43
2086,43
5056,43
4063,43
4960,43
2107,43
7397,43
7566,43
1963,43
5780,43
4994,43
8102,43
2959,43
1555,43
7023,43
1843,43
5759,43
661,43
5165,43
1142,43
1532,43
4838,42
1500,42
6333,42
5799,42
2951,42
6023,42
7547,42
4166,42
6704,42
139,42
2185,42
7530,42
5700,42
2570,42
3630,42
1133,42
4018,42
3672,42
3665,42
6570,42
3774,42
4670,42
492,42
7769,42
4364,42
948,42
7097,42
5861,42
5161,42
1685,42
1396,42
3438,42
7599,42
4669,42
6974,42
3455,42
3234,42
2853,42
4027,42
2972,42
6090,41
5064,41
5204,41
5350,41
3196,41
1899,41
5454,41
1040,41
3061,41
2465,41
3323,41
5305,41
5708,41
6752,41
1442,41
5938,41
3493,41
6607,41
1005,41
6056,41
1,41
4033,41
5141,41
463,41
6501,41
5704,41
8275,41
5565,41
65,41
6934,41
1649,41
5188,41
944,40
2111,40
2778,40
1642,40
995,40
3447,40
6182,40
3509,40
7903,40
168,40
4239,40
2475,40
8091,40
6804,40
2908,40
1248,40
2944,40
4545,40
299,40
5077,40
264,40
5185,40
324,40
8078,40
470,39
1192,39
4132,39
113,39
4269,39
8349,39
7945,39
7639,39
634,39
2588,39
7505,39
4650,39
6984,39
4159,39
4940,39
7363,39
1771,39
3540,39
1825,39
5975,39
3485,39
1441,39
5618,39
7347,39
5514,39
5763,39
1504,39
3537,39
4344,39
7848,39
6592,39
6590,39
6649,39
7211,39
4043,39
1720,39
5389,39
1928,39
572,39
3858,38
5523,38
1093,38
2683,38
4542,38
6249,38
310,38
782,38
7921,38
5886,38
4989,38
1635,38
1877,38
5701,38
5571,38
8040,38
3931,38
477,38
4445,38
1257,38
2839,38
290,38
1172,38
1683,38
6947,38
7360,38
8260,38
2836,38
2771,38
500,38
992,38
6343,38
5242,38
1024,38
2061,38
6822,38
5668,38
6912,38
4566,38
2973,38
6058,38
4465,37
8229,37
4951,37
980,37
8098,37
5432,37
7723,37
7789,37
4158,37
601,37
5643,37
2635,37
8106,37
885,37
5837,37
6531,37
1621,37
6356,37
7435,37
7466,37
1370,37
7065,37
4081,37
593,37
3367,37
6165,37
6824,37
4383,37
571,37
7265,37
5206,37
3484,37
7546,37
4423,37
4688,37
5682,36
8213,36
6003,36
3154,36
479,36
7492,36
1062,36
1982,36
5510,36
873,36
8336,36
6213,36
3139,36
6809,36
2480,36
7533,36
3020,36
3487,36
4347,36
1149,36
7825,36
6638,36
7132,36
303,36
1872,36
671,36
6981,36
616,36
5222,36
8014,36
1430,36
5678,36
1602,36
2945,36
5347,36
7270,36
116,36
4136,36
5343,36
5559,36
5393,36
1588,36
3260,36
6740,36
7742,36
2382,36
3419,36
5044,35
6949,35
6091,35
495,35
5714,35
1735,35
652,35
3981,35
258,35
5582,35
7268,35
227,35
5919,35
1698,35
4926,35
6611,35
4983,35
354,35
5014,35
2500,35
2728,35
5388,35
5596,35
4331,35
1567,35
8005,35
261,35
5843,35
1715,35
4518,35
2487,35
3990,35
7135,35
225,35
3592,35
411,35
7204,35
7206,35
7482,35
4543,35
553,35
2718,34
6209,34
2729,34
714,34
979,34
6045,34
4216,34
6453,34
1357,34
1919,34
2253,34
4466,34
3003,34
554,34
3527,34
2009,34
8084,34
1448,34
8007,34
2304,34
5221,34
144,34
3817,34
3843,34
2212,34
8320,34
24,34
2333,34
5693,34
4164,34
6006,34
2960,34
7196,34
8000,34
5868,34
6858,34
3819,33
8424,33
3187,33
5502,33
7587,33
6399,33
8425,33
1452,33
5366,33
4802,33
98,33
2377,33
1030,33
1275,33
4226,33
3563,33
2625,33
6872,33
5483,33
1667,33
5452,33
44,33
7073,33
5387,33
7958,33
7346,33
2645,33
5765,33
3731,33
2858,33
5208,33
2021,33
2514,33
4726,33
2458,33
2878,33
7205,33
8105,33
1098,33
1047,33
5131,33
942,33
2171,33
7317,33
6488,33
3992,33
1496,32
8159,32
1365,32
3833,32
4985,32
6156,32
22,32
7827,32
3565,32
1711,32
6203,32
3153,32
6812,32
8175,32
1071,32
2866,32
7098,32
5233,32
5840,32
6339,32
5042,32
5824,32
596,32
669,32
7419,32
4605,32
5268,32
4754,32
914,32
6427,32
7964,32
5493,32
5442,32
1672,32
4558,32
5024,32
6973,32
3856,32
6135,32
3602,32
3893,32
6490,32
2207,32
7380,32
8130,32
5180,32
1362,32
3526,31
1305,31
1623,31
8203,31
880,31
692,31
6118,31
7295,31
4508,31
7329,31
2479,31
3309,31
1473,31
1433,31
2900,31
2205,31
790,31
1668,31
5835,31
1968,31
5209,31
7843,31
6201,31
5803,31
7654,31
6795,31
1244,31
865,31
6697,31
5103,31
5533,31
5301,31
1731,31
776,31
8382,31
2781,31
3302,31
3055,31
875,31
3908,31
109,31
4031,31
3070,31
7869,31
946,31
5406,31
119,31
3920,31
5855,30
5473,30
4882,30
3682,30
3801,30
597,30
6100,30
6173,30
8184,30
4296,30
640,30
4186,30
1772,30
4053,30
6224,30
1820,30
4627,30
3739,30
7475,30
3164,30
6688,30
7600,30
2593,30
2672,30
2748,30
2955,30
3334,30
3755,30
7979,30
8375,30
2681,30
178,30
4715,30
7226,30
6432,30
4684,30
4880,30
3071,30
6818,30
6084,30
3621,30
6775,30
5315,30
7477,30
871,30
4145,30
7275,30
7431,30
7322,30
828,30
926,29
483,29
2363,29
6991,29
6965,29
7175,29
1135,29
6120,29
3314,29
6896,29
7399,29
4901,29
6444,29
2826,29
3693,29
219,29
1267,29
2092,29
4093,29
3010,29
932,29
2747,29
1382,29
2782,29
4191,29
8010,29
8138,29
6834,29
3840,29
6562,29
3617,29
7409,29
4787,29
209,29
5005,29
5798,29
5509,29
3289,29
5889,29
1415,29
6624,29
3684,29
3434,29
6107,29
355,29
2146,29
192,29
2818,29
7418,28
4818,28
2402,28
2980,28
4078,28
1412,28
3764,28
7293,28
5809,28
8325,28
5863,28
2478,28
5326,28
2967,28
2390,28
188,28
6915,28
5647,28
2091,28
1052,28
1959,28
667,28
7451,28
7349,28
7114,28
3599,28
2213,28
8006,28
2958,28
4596,28
3069,28
7494,28
2820,28
1538,28
6190,28
5920,28
1700,28
5073,28
4764,28
4480,28
242,28
5375,28
1612,28
7776,28
5652,28
7974,28
4453,28
2147,28
5253,28
3439,28
6977,28
2783,28
4839,28
4747,28
4467,28
1545,28
7461,28
5540,28
6586,28
5679,28
6324,28
5002,28
7740,28
529,28
2807,28
1195,28
4249,27
5352,27
1207,27
5076,27
7188,27
34,27
4112,27
28,27
4833,27
4925,27
6600,27
1636,27
7336,27
4759,27
7946,27
1232,27
2649,27
1384,27
4060,27
3503,27
756,27
230,27
3816,27
8410,27
7184,27
3906,27
7929,27
6685,27
7457,27
1014,27
7254,27
6153,27
8447,27
7172,27
814,27
881,27
1629,27
6744,26
886,26
1936,26
154,26
1290,26
7868,26
2026,26
5722,26
3063,26
7490,26
2005,26
3666,26
6067,26
7911,26
3741,26
1022,26
5791,26
2555,26
1337,26
1007,26
2325,26
2952,26
3626,26
1557,26
3220,26
2507,26
4533,26
4000,26
7420,26
6475,26
1177,26
2614,26
8452,26
6932,26
4473,26
2455,26
7835,26
5489,26
5629,26
2656,26
4534,26
1438,26
2639,26
655,26
7157,26
7902,26
4165,25
7947,25
3105,25
4305,25
7589,25
5130,25
2035,25
3360,25
3797,25
3849,25
5037,25
6304,25
5677,25
6004,25
326,25
5521,25
4225,25
1196,25
4680,25
7545,25
4641,25
7356,25
5084,25
1210,25
2519,25
1237,25
7272,25
193,25
8073,25
5971,25
4412,25
7817,25
949,25
3192,25
1363,25
2489,25
5148,25
6888,25
7294,25
20,25
5752,25
5711,25
3130,25
6189,25
4662,25
4846,25
339,25
1670,25
8109,25
508,25
2414,25
4966,25
7292,25
3838,24
1528,24
5426,24
6869,24
6119,24
3933,24
5186,24
3449,24
5874,24
539,24
5713,24
7649,24
4642,24
2521,24
761,24
4868,24
8454,24
5400,24
7998,24
6681,24
3951,24
6129,24
4948,24
6725,24
5991,24
7474,24
3971,24
8001,24
687,24
4294,24
7705,24
7030,24
3985,24
3086,24
7146,24
6178,24
3515,24
4532,24
7623,24
5429,24
1102,24
2406,24
196,24
7413,24
2296,24
1767,24
800,23
3249,23
3898,23
7584,23
1569,23
5280,23
2188,23
1004,23
3860,23
6041,23
1454,23
1576,23
6910,23
6141,23
2965,23
8358,23
3930,23
4696,23
1858,23
5380,23
2355,23
41,23
6856,23
645,23
263,23
5494,23
3924,23
4288,23
4008,23
482,23
3135,23
2007,23
7859,23
7074,23
3834,23
4654,23
8468,23
3016,23
8002,23
3878,23
3244,23
713,23
7986,23
1009,23
3168,23
4577,23
1029,23
5485,23
2192,23
8176,23
662,23
1101,23
3404,23
2381,23
3223,23
1840,23
5853,23
6880,23
5543,22
1418,22
938,22
3927,22
4020,22
6469,22
2231,22
8313,22
4430,22
2765,22
7444,22
5660,22
273,22
5036,22
5724,22
8429,22
5058,22
4891,22
7354,22
102,22
2493,22
6776,22
3763,22
2600,22
4760,22
2460,22
3593,22
3701,22
2254,22
7112,22
3344,22
7602,22
7538,22
393,22
6748,22
8063,22
3201,22
1960,22
1754,22
6242,22
600,22
6416,22
7526,22
2634,22
4440,22
2033,22
5080,22
5743,22
5775,22
3212,22
4234,22
5163,22
7722,22
3613,22
1121,22
94,22
6230,22
5274,22
7286,22
4768,22
2756,21
462,21
3378,21
6857,21
8215,21
1252,21
4540,21
4835,21
6625,21
1488,21
408,21
3707,21
2646,21
6513,21
3125,21
4796,21
2357,21
2935,21
5351,21
3048,21
6359,21
7028,21
1137,21
7761,21
5425,21
4781,21
4599,21
3202,21
6672,21
5382,21
7845,21
7864,21
380,21
4996,21
2641,21
4488,21
6519,21
2302,21
6593,21
4068,21
4553,21
780,21
5391,21
6960,21
4135,21
5074,21
3286,21
1423,21
5608,21
8065,21
5561,21
7569,21
7938,21
8445,21
3007,21
4153,21
6761,21
4180,21
6353,21
6758,20
4408,20
1215,20
8194,20
5062,20
8289,20
1911,20
3405,20
8057,20
2703,20
1286,20
372,20
5027,20
179,20
100,20
4240,20
6406,20
6352,20
3151,20
2165,20
4964,20
3603,20
2844,20
5439,20
5667,20
8312,20
4739,20
8042,20
5720,20
1762,20
6930,20
1231,20
1465,20
7176,20
8285,20
3158,20
4732,20
7173,20
679,20
3673,20
5970,20
4750,20
7125,20
4611,20
3341,20
3387,20
1600,20
6539,20
4432,20
3474,20
6494,20
5459,20
6408,20
8121,20
1197,20
3754,20
2548,20
7039,20
6925,20
8387,20
4520,20
8437,20
6833,20
1920,20
4761,20
8128,20
7054,19
272,19
2953,19
7335,19
6517,19
5195,19
1431,19
5156,19
8428,19
5788,19
6643,19
7898,19
7123,19
8003,19
6369,19
1308,19
2145,19
7345,19
5342,19
1875,19
439,19
3746,19
7627,19
7139,19
2122,19
7748,19
1326,19
5808,19
8047,19
7870,19
4056,19
6462,19
1599,19
8195,19
457,19
4523,19
3703,19
7104,19
3275,19
4939,19
2850,19
4725,19
5490,19
7709,19
5823,19
4908,19
2598,19
2404,19
5753,19
637,19
7243,19
307,18
4402,18
6548,18
8017,18
1737,18
4681,18
4054,18
7629,18
594,18
5474,18
2351,18
7579,18
2102,18
5933,18
8185,18
6709,18
5529,18
2051,18
8013,18
7288,18
3335,18
6228,18
2619,18
1710,18
2918,18
6272,18
7258,18
1225,18
5955,18
5760,18
6014,18
4516,18
1727,18
7768,18
3189,18
6022,18
8435,18
4841,18
7636,18
5310,18
4259,18
969,18
4645,18
4674,18
630,18
4084,18
5810,18
7572,18
2366,18
7285,18
7007,18
5003,18
1781,18
7244,18
4118,17
2948,17
282,17
1601,17
724,17
4595,17
6125,17
443,17
8110,17
1821,17
6310,17
7473,17
5831,17
7612,17
4243,17
6786,17
3523,17
8420,17
8216,17
2711,17
7237,17
6358,17
2441,17
2997,17
7174,17
6838,17
1038,17
1740,17
6693,17
6436,17
3769,17
6196,17
1116,17
725,17
8467,17
5397,17
86,17
1755,17
6233,17
6146,17
6383,17
8406,17
1768,17
5954,17
5066,17
5431,17
5159,17
4129,17
3317,17
7828,17
7996,17
172,17
312,17
5402,17
784,17
775,17
473,17
7677,17
6650,17
2852,17
5220,17
7987,17
7025,17
6992,17
7248,16
2702,16
2085,16
3379,16
5662,16
1269,16
726,16
6894,16
1278,16
573,16
8338,16
6996,16
4756,16
3436,16
1851,16
7077,16
1288,16
7700,16
7641,16
185,16
1935,16
6814,16
4959,16
1165,16
3623,16
931,16
2491,16
6451,16
8023,16
3847,16
3899,16
5794,16
3304,16
7422,16
2223,16
2190,16
1864,16
7596,16
4089,16
1057,16
6871,16
3472,16
6187,16
3017,16
526,16
3269,16
159,16
3812,16
2401,16
6654,16
5671,16
8141,16
6365,16
7228,16
4634,16
7888,16
552,16
575,16
689,16
210,16
3418,16
4321,16
676,16
1273,16
1279,16
2234,16
2226,16
370,16
2284,16
5544,16
5588,16
4229,16
296,15
4821,15
2392,15
975,15
3641,15
7539,15
3742,15
1620,15
112,15
3583,15
874,15
1345,15
1707,15
7368,15
2814,15
2167,15
1476,15
1962,15
2036,15
7401,15
3670,15
6567,15
7770,15
2300,15
8334,15
1554,15
4395,15
773,15
2744,15
4006,15
4713,15
6481,15
6112,15
7745,15
90,15
3713,15
6036,15
128,15
7874,15
6465,15
3390,15
7934,15
6578,15
2008,15
3382,15
6724,15
2872,15
2109,15
5451,15
958,15
6516,15
8315,15
4903,15
5731,15
6077,15
2549,15
781,15
5772,15
3759,15
2260,15
4170,15
3100,15
3677,15
56,15
3023,15
4334,15
7920,15
988,15
1736,15
5373,15
400,15
690,15
5526,15
6636,15
5900,15
7683,15
7489,15
7371,15
4794,15
5106,15
5884,15
5170,14
4738,14
4215,14
6504,14
3662,14
7919,14
1510,14
1089,14
4565,14
4088,14
6844,14
7985,14
2811,14
2795,14
1058,14
202,14
503,14
2463,14
908,14
2603,14
359,14
6701,14
999,14
1323,14
5593,14
7872,14
5194,14
2956,14
1316,14
3780,14
6565,14
5055,14
2391,14
822,14
5976,14
8009,14
858,14
6283,14
2675,14
6890,14
3900,14
3359,14
5237,14
1891,14
7626,14
3426,14
5622,14
1934,14
3066,14
391,14
3768,14
1281,14
6389,14
3785,14
1211,14
6142,14
222,14
1284,14
7266,14
1756,14
1325,14
3513,14
5252,14
1417,14
182,14
7830,14
2159,14
5157,14
7963,14
4474,14
6900,13
5913,13
5859,13
635,13
940,13
5045,13
5830,13
6825,13
6491,13
3978,13
8324,13
4830,13
2017,13
2454,13
6823,13
1475,13
6840,13
3279,13
3821,13
7416,13
2094,13
3031,13
850,13
5816,13
4877,13
4512,13
4767,13
8227,13
274,13
1834,13
1769,13
5433,13
2637,13
1786,13
6972,13
4865,13
2512,13
1904,13
2925,13
2041,13
5314,13
1346,13
7846,13
2293,13
5726,13
2435,13
1461,13
1627,13
1206,13
805,13
2998,13
2356,13
2352,13
3657,13
7806,13
2680,13
4625,13
3229,13
4637,13
1180,13
1169,13
7509,13
5123,13
6793,13
2754,13
6199,13
3313,13
5404,13
4219,13
3629,13
1929,13
5414,13
7339,13
4339,13
6941,13
4028,13
2722,13
4881,13
91,13
6553,13
3155,13
6767,13
8022,13
2961,13
1876,13
4421,13
7019,13
3380,13
1218,13
467,12
5082,12
6227,12
6605,12
7976,12
5321,12
7791,12
1624,12
8206,12
823,12
6772,12
87,12
7601,12
3597,12
5896,12
7351,12
1296,12
2816,12
7318,12
1841,12
8113,12
4560,12
4879,12
2210,12
8344,12
7790,12
5723,12
3811,12
7981,12
1749,12
7332,12
4867,12
4140,12
3321,12
8069,12
2157,12
2957,12
8245,12
6360,12
6373,12
5049,12
3039,12
4099,12
2735,12
7281,12
7697,12
4342,12
1682,12
1120,12
8247,12
5218,12
7432,12
414,12
4471,12
3217,12
7486,12
2050,12
1595,12
4214,12
3799,12
6828,12
4799,12
1289,12
1174,12
79,12
4910,12
7801,12
5154,12
8026,12
1359,12
8158,12
4470,12
4687,12
934,12
7231,12
1709,12
7952,12
4183,12
602,12
6080,12
3102,12
7896,12
2848,12
6463,12
5594,12
1975,12
2078,12
2367,12
6731,11
6768,11
8179,11
3656,11
2720,11
4415,11
1435,11
6721,11
7337,11
422,11
8462,11
4224,11
3504,11
7323,11
2954,11
3248,11
8438,11
5355,11
6002,11
6917,11
7786,11
4444,11
7815,11
4686,11
3619,11
4125,11
3633,11
401,11
8090,11
5922,11
7559,11
3252,11
1777,11
2187,11
2510,11
4212,11
4720,11
1066,11
6239,11
6011,11
7855,11
7232,11
3658,11
4647,11
8155,11
399,11
8384,11
7210,11
4927,11
4209,11
6671,11
8395,11
4950,11
6184,11
2419,11
1015,11
7443,11
2556,11
3732,11
750,11
4519,11
2721,11
362,11
6266,11
6392,11
1751,11
8426,11
5873,11
5740,11
2343,11
4753,11
8346,11
3376,11
7094,11
1634,11
2399,11
367,11
2081,11
6863,11
7918,11
937,11
8443,11
1251,11
8386,10
5071,10
6059,10
6632,10
11,10
3709,10
6846,10
424,10
64,10
1032,10
7035,10
2211,10
1589,10
3095,10
6325,10
7192,10
3354,10
7676,10
7386,10
5607,10
1721,10
609,10
7570,10
481,10
981,10
27,10
842,10
1053,10
6905,10
8099,10
7324,10
8276,10
798,10
3757,10
4556,10
7213,10
6737,10
7423,10
5248,10
3177,10
507,10
3473,10
6914,10
7476,10
5909,10
1842,10
1999,10
877,10
6510,10
3085,10
1123,10
7102,10
6177,10
5932,10
2238,10
6193,10
1368,10
5302,10
3143,10
3445,10
8132,10
4831,10
409,10
2124,10
1401,10
4500,10
4812,10
1503,10
6395,10
6256,10
8182,10
4840,10
7403,10
1249,10
7959,10
5095,10
3203,10
2539,10
5324,10
2883,10
4695,10
7773,10
1712,10
7886,10
2420,10
2901,10
6918,10
2536,10
7214,10
6306,10
6664,10
3573,10
7307,10
3368,9
2644,9
4980,9
5079,9
361,9
3546,9
5193,9
5072,9
3171,9
7607,9
488,9
6945,9
964,9
5960,9
7775,9
959,9
3607,9
4702,9
4258,9
3194,9
4330,9
5811,9
6131,9
6966,9
4009,9
8354,9
5628,9
1046,9
3912,9
5444,9
2940,9
6954,9
3301,9
6651,9
3295,9
1087,9
7235,9
8070,9
4356,9
1939,9
983,9
1184,9
2636,9
3185,9
8379,9
3144,9
993,9
971,9
5212,9
2910,9
3743,9
5846,9
6099,9
6683,9
6603,9
5463,9
8004,9
5585,9
5088,9
3253,9
3851,9
6341,9
6263,9
4096,9
3820,9
3028,9
1332,9
2879,9
6414,9
4049,9
930,9
6289,9
5949,9
2071,9
8294,9
3885,9
6726,9
1985,9
6943,9
7485,9
4657,9
6492,9
4597,9
5964,9
2166,9
7822,9
1730,9
5371,9
1219,9
3782,9
1366,9
5363,9
3594,9
4409,9
1369,9
4649,9
3198,9
1389,9
6820,8
4580,8
4189,8
6757,8
7058,8
3615,8
6440,8
2353,8
2654,8
3935,8
4896,8
7877,8
825,8
4721,8
3389,8
2947,8
5556,8
2098,8
6521,8
2860,8
2694,8
4944,8
7004,8
1541,8
6336,8
7220,8
7728,8
1566,8
3963,8
3278,8
7133,8
4811,8
5931,8
7191,8
6730,8
4810,8
3880,8
5940,8
4822,8
3122,8
2716,8
998,8
1617,8
7089,8
3099,8
832,8
1582,8
2897,8
2560,8
1410,8
6551,8
2082,8
7043,8
4528,8
838,8
4536,8
1944,8
6362,8
4274,8
5356,8
1650,8
3645,8
5606,8
5232,8
1343,8
4439,8
4435,8
21,8
4178,8
1945,8
8188,8
4007,8
7362,7
6402,7
7625,7
7621,7
7927,7
4862,7
8267,7
3496,7
5911,7
1056,7
3988,7
1556,7
6179,7
1836,7
3162,7
7233,7
7643,7
6785,7
1039,7
1610,7
163,7
3172,7
7481,7
453,7
2250,7
3536,7
1946,7
3197,7
3868,7
5110,7
4116,7
6518,7
177,7
5065,7
1472,7
5865,7
1688,7
6114,7
1344,7
7674,7
7050,7
8470,7
4462,7
4962,7
1262,7
612,7
6580,7
2119,7
2715,7
929,7
2574,7
2043,7
7594,7
5560,7
8277,7
6394,7
4958,7
4873,7
5688,7
7965,7
5033,7
5518,7
4241,7
106,7
1274,7
2565,7
8217,7
2938,7
6931,7
6426,7
295,7
4514,7
5583,7
4503,7
275,7
5262,7
1327,7
2135,7
5266,7
5089,7
2430,7
7189,7
7548,7
5944,7
3854,7
8311,7
215,7
5537,7
8191,7
7568,7
2114,7
378,7
4223,7
4709,7
2096,7
2161,6
7256,6
3280,6
232,6
4044,6
2079,6
1518,6
348,6
910,6
559,6
6282,6
7983,6
4310,6
4703,6
2121,6
7041,6
5469,6
4414,6
824,6
6024,6
8342,6
5457,6
6898,6
2442,6
2277,6
2336,6
4961,6
7820,6
6025,6
7977,6
6546,6
1964,6
4624,6
1253,6
7052,6
2611,6
4472,6
2280,6
4664,6
7831,6
4677,6
4308,6
4981,6
7733,6
6574,6
7143,6
7793,6
827,6
6854,6
7615,6
821,6
7788,6
5947,6
2736,6
4772,6
4454,6
3306,6
2023,6
3381,6
4675,6
2529,6
1467,6
3011,6
5534,6
289,6
5702,6
7140,6
1690,6
4004,6
2941,6
2893,6
3209,6
49,6
3108,6
4282,6
746,6
5500,6
7344,6
3567,6
4050,6
6686,6
3938,6
1546,6
3371,6
2655,6
5035,6
1154,6
1002,6
1493,6
80,6
3601,6
5953,6
1892,6
4127,5
1957,5
1349,5
2605,5
862,5
6609,5
309,5
6538,5
4817,5
878,5
5834,5
5162,5
5440,5
903,5
1336,5
5240,5
5053,5
5513,5
902,5
3463,5
6139,5
5398,5
5283,5
2775,5
70,5
4345,5
3980,5
3351,5
1676,5
7296,5
5467,5
8170,5
4263,5
4601,5
3518,5
3699,5
5995,5
6430,5
4019,5
7083,5
5551,5
7741,5
4126,5
1378,5
5838,5
5264,5
6756,5
3608,5
6901,5
2060,5
4900,5
6773,5
1790,5
722,5
2080,5
5118,5
3032,5
4999,5
4285,5
4190,5
4493,5
3079,5
5914,5
2246,5
4070,5
7519,5
135,5
8080,5
3961,5
8131,5
511,5
7632,5
2289,5
555,5
1183,5
5698,5
3245,5
6566,5
5455,5
2433,5
243,5
5460,5
1643,5
1081,5
3235,5
1313,5
2855,5
3308,5
152,5
6787,5
358,5
5447,5
5304,5
357,5
4481,5
7618,5
3556,5
7440,5
5229,5
5926,5
6710,5
8341,5
8296,5
3784,5
3710,5
6920,5
6610,5
5281,5
2466,5
7852,5
5372,5
5147,5
145,5
5153,5
6613,4
8433,4
2393,4
853,4
1361,4
5757,4
5986,4
577,4
3875,4
234,4
6019,4
4546,4
200,4
5984,4
1931,4
2942,4
1938,4
1109,4
2496,4
2532,4
6747,4
3191,4
3106,4
5136,4
5282,4
2396,4
4570,4
7989,4
6486,4
7699,4
1543,4
912,4
3338,4
7017,4
5614,4
4133,4
6690,4
3737,4
5768,4
3760,4
614,4
7593,4
6347,4
1131,4
4931,4
6881,4
7534,4
6522,4
839,4
8477,4
4109,4
904,4
3421,4
1216,4
5250,4
6155,4
5951,4
1110,4
4085,4
1113,4
2566,4
7383,4
5247,4
5140,4
3294,4
3655,4
4394,4
5589,4
6618,4
3495,4
40,4
103,4
7142,4
2867,4
3498,4
3538,4
3480,4
6175,4
4100,4
1068,4
1245,4
5410,4
3471,4
7113,4
2181,4
2400,4
3519,4
1879,4
2176,4
6802,4
6113,4
7767,4
731,4
6696,4
860,4
5109,4
236,4
5564,4
4938,4
1752,4
2663,4
6401,4
7573,4
1150,4
1896,4
3644,4
1220,4
8015,4
6554,4
2388,4
1474,4
6410,4
2962,4
3263,4
6316,4
5495,4
1229,4
2218,4
4632,4
2999,4
6052,4
7688,4
2338,4
123,4
6751,4
2785,4
7973,4
1255,4
7059,4
2822,4
7694,4
3470,4
2227,4
1761,4
923,4
1913,4
7374,4
3479,4
1631,4
8448,4
499,4
3227,4
6270,4
1188,4
4375,4
7198,4
8116,4
5733,4
7100,4
6935,4
6667,4
8190,4
3552,4
2136,3
451,3
8306,3
8092,3
51,3
2249,3
7953,3
5802,3
6527,3
521,3
1235,3
7702,3
351,3
6851,3
3922,3
7720,3
2772,3
1429,3
2155,3
2699,3
6047,3
3072,3
3733,3
7066,3
8330,3
1054,3
4196,3
7785,3
7778,3
276,3
3773,3
2604,3
3947,3
8148,3
7922,3
953,3
6891,3
7633,3
7764,3
3618,3
4255,3
5261,3
3946,3
31,3
7182,3
4431,3
6237,3
1354,3
3790,3
1550,3
4021,3
1809,3
3377,3
7040,3
8436,3
7478,3
5480,3
2719,3
6214,3
7779,3
6845,3
2843,3
4885,3
6970,3
2217,3
5277,3
3585,3
4785,3
3138,3
6071,3
4571,3
111,3
4003,3
4202,3
709,3
5805,3
4238,3
7658,3
8451,3
5648,3
6712,3
5100,3
8414,3
4824,3
4990,3
1084,3
5535,3
4483,3
8114,3
7427,3
1604,3
3222,3
5115,3
3050,3
2279,3
7588,3
4398,3
6027,3
3918,3
204,3
1146,3
2501,3
4612,3
778,3
1050,3
7554,3
4185,3
6646,3
6287,3
519,3
7393,3
2932,3
6128,3
427,3
811,3
8115,3
6273,3
1447,3
5774,3
480,3
624,3
4451,3
6247,3
7693,3
7883,3
1780,3
1948,3
7603,3
4218,3
7792,3
6096,3
2219,3
7611,3
4598,3
6770,3
2949,3
235,3
1524,3
1386,3
510,3
315,3
1020,3
2602,3
8221,3
3588,3
1807,3
5790,3
249,3
4155,3
3562,3
4213,3
6676,3
6009,3
2411,3
2990,3
1990,3
4795,3
5259,3
5269,3
848,3
3696,3
3798,3
7388,3
872,3
1310,3
920,3
6829,3
2054,3
4854,3
6706,3
4997,3
7126,3
2117,3
3606,2
1265,2
2700,2
3121,2
447,2
7014,2
3993,2
7746,2
1880,2
7364,2
647,2
4934,2
987,2
7644,2
7352,2
5990,2
2272,2
2896,2
1526,2
5642,2
890,2
8220,2
6459,2
8181,2
3532,2
2339,2
3058,2
5637,2
4278,2
1926,2
1530,2
160,2
7002,2
8446,2
951,2
4080,2
6700,2
1788,2
1213,2
5615,2
3879,2
8071,2
5934,2
868,2
2642,2
933,2
410,2
7818,2
3702,2
2522,2
4373,2
8160,2
3809,2
1544,2
2037,2
4723,2
8223,2
7562,2
8161,2
3110,2
4397,2
1322,2
7926,2
4547,2
4071,2
7400,2
2571,2
3114,2
3221,2
772,2
1657,2
3982,2
639,2
8108,2
5418,2
2481,2
1061,2
2875,2
5102,2
7747,2
3433,2
6855,2
1502,2
3355,2
4579,2
2106,2
208,2
5906,2
4232,2
5602,2
6557,2
5396,2
1585,2
7305,2
5144,2
978,2
5416,2
1171,2
4842,2
2859,2
1656,2
23,2
7904,2
345,2
5963,2
4368,2
2198,2
4780,2
2105,2
7078,2
2540,2
4479,2
1437,2
891,2
5244,2
8393,2
6034,2
8072,2
2994,2
3907,2
5300,2
506,2
6995,2
8398,2
3497,2
8094,2
1355,2
5231,2
6589,2
985,2
5901,2
3097,2
2806,2
7067,2
7727,2
285,2
7999,2
4406,2
6222,2
293,2
3500,2
6281,2
6933,2
437,2
5631,2
5687,2
4727,2
952,2
1923,2
6928,2
4574,2
6031,2
7571,2
7810,2
643,2
5445,2
2141,2
783,2
812,2
4716,2
5470,2
7042,2
6470,2
143,2
8180,2
3231,2
715,2
5050,2
7514,2
1194,2
2881,2
1867,2
3830,2
4351,2
3695,2
1895,2
1748,2
1088,2
5488,2
3265,2
4936,2
668,2
5395,2
766,2
2474,2
420,2
5374,2
6862,2
3514,2
3488,2
1516,2
4848,2
3561,2
6940,2
5806,2
911,2
1998,2
580,2
8458,2
6878,2
3753,2
3932,2
6295,2
5666,2
6000,2
7242,2
3957,2
2039,2
3586,2
7441,2
6148,2
3043,2
6105,2
846,2
175,2
4857,2
137,2
6715,2
6870,2
3006,2
2239,2
8038,2
2983,2
5916,2
129,2
1333,2
3800,2
5864,2
7236,2
6205,2
4106,2
8381,2
6438,2
3685,2
7287,2
5952,2
50,2
5328,2
2076,2
5298,2
6145,2
6520,2
898,2
3412,2
5761,2
2294,1
7301,1
3836,1
919,1
6081,1
6850,1
5408,1
1903,1
7616,1
7541,1
5048,1
3895,1
613,1
5450,1
4569,1
8183,1
1987,1
7689,1
3454,1
1765,1
1304,1
8432,1
1158,1
3581,1
8257,1
433,1
2139,1
3399,1
29,1
2443,1
6152,1
703,1
2058,1
4059,1
6877,1
5213,1
4531,1
4376,1
1915,1
478,1
6038,1
3386,1
5226,1
2329,1
4147,1
4510,1
7245,1
4235,1
5621,1
7267,1
1977,1
2975,1
7038,1
6101,1
6243,1
8300,1
8266,1
1609,1
1379,1
5105,1
636,1
2610,1
3936,1
7887,1
556,1
2752,1
742,1
5525,1
171,1
5595,1
8150,1
6251,1
3691,1
7772,1
3548,1
4392,1
6037,1
8144,1
8035,1
5378,1
7975,1
6745,1
7867,1
1145,1
3310,1
1645,1
3823,1
2028,1
7970,1
4526,1
1006,1
8408,1
3068,1
4792,1
1383,1
8225,1
1616,1
4280,1
7638,1
2448,1
1250,1
8314,1
7984,1
5747,1
1520,1
3274,1
921,1
6292,1
5912,1
7550,1
7373,1
2892,1
6523,1
658,1
3534,1
6130,1
3609,1
7369,1
1261,1
8167,1
5950,1
1108,1
835,1
5501,1
1652,1
5257,1
1144,1
8323,1
4651,1
3115,1
4035,1
1175,1
802,1
6449,1
770,1
3343,1
4847,1
7406,1
1134,1
77,1
2324,1
5151,1
943,1
5246,1
2666,1
935,1
1540,1
3159,1
4336,1
7107,1
3460,1
5902,1
6206,1
3366,1
1705,1
3026,1
4935,1
2599,1
1351,1
4187,1
1857,1
3877,1
4374,1
2687,1
6526,1
6361,1
1391,1
4784,1
7847,1
1759,1
1967,1
4779,1
840,1
6085,1
3047,1
2287,1
6684,1
6707,1
5848,1
7109,1
694,1
4845,1
4869,1
5078,1
719,1
1301,1
7726,1
6537,1
8178,1
7895,1
1716,1
2328,1
2152,1
3240,1
2658,1
2484,1
2369,1
7096,1
271,1
292,1
2245,1
233,1
5012,1
190,1
3410,1
288,1
4055,1
2084,1
6978,1
7640,1
3766,1
8280,1
1400,1
1063,1
2713,1
3417,1
3397,1
6172,1
3001,1
4253,1
8085,1
450,1
7598,1
3928,1
869,1
122,1
8456,1
2236,1
1741,1
4678,1
576,1
7708,1
1708,1
6226,1
3531,1
8293,1
741,1
5777,1
3859,1
2985,1
1702,1
4156,1
1646,1
2074,1
5578,1
291,1
5344,1
269,1
5680,1
8163,1
5227,1
6078,1
1507,1
4011,1
1914,1
3835,1
1581,1
6274,1
2837,1
5782,1
1044,1
1204,1
3795,1
3119,1
2125,1
8329,1
67,1
3502,1
3127,1
4984,1
6075,1
322,1
564,1
2546,1
7314,1
336,1
701,1
8316,1
1495,1
2101,1
8335,1
4134,1
6743,1
8201,1
3706,1
3219,1
8193,1
5368,1
4328,1
5405,1
3948,1
2995,1
1376,1
5338,1
5288,1
1309,1
7471,1
7913,1
1226,1
7442,1
5299,1
6640,1
3543,1
7950,1
1590,1
4087,1
6689,1
2476,1
5605,1
1660,1
1328,1
1675,1
6985,1
3014,1
6255,1
6428,1
4210,1
2490,1
7800,1
1823,1
7671,1
3516,1
4124,1
4648,1
6617,1
732,1
4692,1
3242,1
8030,1
6010,1
1993,1
4220,1
39,1
855,1
426,1
1198,1
6755,1
4251,1
5706,1
8283,1
4492,1
2065,1
1810,1
844,1
4045,1
915,1
954,1
4040,1
3413,1
191,1
6705,1
3886,1
3104,1
2880,1
4463,1
5358,1
8401,1
4798,1
1850,1
1885,1
4600,1
4284,1
4922,1
2301,1
7390,1
1800,1
3045,1
3073,1
8152,1
4527,1
2472,1
2499,1
4069,1
4906,1
2194,1
337,1
460,1
5672,1
3796,1
8127,1
2312,1
2800,1
956,1
5164,1
5601,1
6168,1
4268,1
3705,1
3750,1
5893,1
5570,1
6311,1
8457,1
2112,1
6087,1
4923,1
45,1
5869,1
4005,1
3277,1
6254,1
7392,1
